,y,Intercept,X1,X2
0,1.217851,1.0,0.696469,0.286139
1,1.55525,1.0,0.226851,0.551315
2,0.88852,1.0,0.719469,0.423106
3,1.736052,1.0,0.980764,0.68483
4,1.632073,1.0,0.480932,0.392118
5,1.971193,1.0,0.343178,0.72905
6,1.476274,1.0,0.438572,0.059678
7,1.512976,1.0,0.398044,0.737995
8,1.503274,1.0,0.182492,0.175452
9,1.128883,1.0,0.531551,0.531828
10,1.269133,1.0,0.634401,0.849432
11,1.267353,1.0,0.724455,0.611024
12,1.443943,1.0,0.722443,0.322959
13,1.532832,1.0,0.361789,0.228263
14,1.943891,1.0,0.293714,0.630976
15,1.702955,1.0,0.092105,0.433701
16,1.707082,1.0,0.430863,0.493685
17,0.987099,1.0,0.42583,0.312261
18,2.166817,1.0,0.426351,0.893389
19,1.625025,1.0,0.94416,0.501837
20,1.682447,1.0,0.623953,0.115618
21,1.222395,1.0,0.317285,0.414826
22,0.838046,1.0,0.866309,0.250455
23,1.791507,1.0,0.483034,0.98556
24,1.885423,1.0,0.519485,0.612895
25,2.091234,1.0,0.120629,0.826341
26,1.229629,1.0,0.60306,0.545068
27,1.455928,1.0,0.342764,0.304121
28,1.367499,1.0,0.417022,0.681301
29,1.381713,1.0,0.875457,0.510422
30,1.525844,1.0,0.669314,0.585937
31,1.108013,1.0,0.624904,0.674689
32,1.253243,1.0,0.842342,0.083195
33,0.837022,1.0,0.763683,0.243666
34,1.217022,1.0,0.194223,0.572457
35,2.249937,1.0,0.095713,0.885327
36,1.296531,1.0,0.627249,0.723416
37,1.754252,1.0,0.016129,0.594432
38,1.739048,1.0,0.556785,0.15896
39,1.896643,1.0,0.153071,0.69553
40,1.559208,1.0,0.318766,0.69197
41,1.769125,1.0,0.554383,0.388951
42,1.172843,1.0,0.925132,0.84167
43,1.331359,1.0,0.357398,0.043591
44,1.612448,1.0,0.304768,0.398186
45,1.731026,1.0,0.704959,0.995358
46,1.220826,1.0,0.355915,0.762548
47,1.42623,1.0,0.593177,0.691702
48,1.638767,1.0,0.151127,0.398876
49,1.509147,1.0,0.240856,0.343456
50,1.898691,1.0,0.513128,0.666625
51,1.735434,1.0,0.105908,0.130895
52,2.101955,1.0,0.321981,0.661564
53,1.077156,1.0,0.846506,0.553257
54,0.921409,1.0,0.854452,0.384838
55,1.221957,1.0,0.316788,0.354265
56,1.985393,1.0,0.171082,0.829113
57,1.358534,1.0,0.338671,0.55237
58,1.63606,1.0,0.578551,0.521533
59,2.176181,1.0,0.002688,0.988345
60,0.732473,1.0,0.905342,0.207636
61,1.853771,1.0,0.292489,0.52001
62,1.354824,1.0,0.901911,0.983631
63,1.374529,1.0,0.257542,0.564359
64,1.052513,1.0,0.806969,0.39437
65,1.611295,1.0,0.731073,0.161069
66,1.73769,1.0,0.600699,0.865864
67,1.197635,1.0,0.983522,0.079366
68,1.105221,1.0,0.428347,0.204543
69,1.408527,1.0,0.450636,0.547764
70,1.91225,1.0,0.093327,0.296861
71,1.160885,1.0,0.927584,0.569004
72,1.960708,1.0,0.457412,0.753526
73,0.853343,1.0,0.741862,0.048579
74,1.797649,1.0,0.708697,0.839243
75,1.424341,1.0,0.165938,0.780998
76,1.832352,1.0,0.286537,0.30647
77,1.395777,1.0,0.665261,0.111392
78,2.06881,1.0,0.664872,0.887857
79,0.90153,1.0,0.696311,0.440328
80,1.295298,1.0,0.438214,0.765096
81,0.786906,1.0,0.565642,0.084904
82,1.132837,1.0,0.582671,0.814844
83,2.141308,1.0,0.337066,0.927577
84,1.543098,1.0,0.750717,0.574064
85,1.307516,1.0,0.751644,0.079149
86,1.357185,1.0,0.859389,0.821504
87,0.662678,1.0,0.909872,0.128631
88,1.459505,1.0,0.08178,0.138416
89,1.169831,1.0,0.399379,0.424307
90,1.714608,1.0,0.562218,0.122244
91,2.183667,1.0,0.2014,0.811644
92,1.470894,1.0,0.467988,0.807938
93,1.289411,1.0,0.007426,0.551593
94,0.846047,1.0,0.931932,0.582175
95,1.78467,1.0,0.206096,0.717758
96,1.967854,1.0,0.378986,0.668384
97,1.645613,1.0,0.02932,0.6359
98,2.013736,1.0,0.032198,0.744781
99,1.682403,1.0,0.472913,0.121754
100,1.398292,1.0,0.542636,0.066774
101,1.17749,1.0,0.653365,0.996086
102,1.453329,1.0,0.769397,0.573774
103,1.473449,1.0,0.102635,0.699834
104,1.494028,1.0,0.661168,0.049097
105,1.275581,1.0,0.792299,0.518717
106,1.620359,1.0,0.425868,0.788187
107,1.338638,1.0,0.411569,0.481026
108,1.2994,1.0,0.181629,0.321319
109,0.83064,1.0,0.845533,0.186904
110,1.693547,1.0,0.417291,0.989035
111,1.877699,1.0,0.2366,0.916832
112,1.487389,1.0,0.918397,0.091296
113,1.421228,1.0,0.463653,0.502216
114,1.188589,1.0,0.313669,0.04734
115,1.745097,1.0,0.241686,0.09553
116,1.980962,1.0,0.23825,0.807791
117,0.688907,1.0,0.894978,0.043223
118,2.04665,1.0,0.301947,0.980582
119,1.994604,1.0,0.539505,0.626309
120,1.736891,1.0,0.005545,0.484909
121,1.184014,1.0,0.988329,0.375186
122,1.90601,1.0,0.097038,0.461909
123,0.88927,1.0,0.963004,0.341831
124,1.366966,1.0,0.798923,0.798846
125,1.434481,1.0,0.208248,0.443368
126,1.843342,1.0,0.715601,0.41052
127,1.549862,1.0,0.191007,0.967494
128,1.281309,1.0,0.65075,0.86546
129,1.581739,1.0,0.025242,0.266906
130,1.057001,1.0,0.502071,0.067449
131,1.492392,1.0,0.993033,0.236462
132,1.356336,1.0,0.374292,0.214012
133,1.748414,1.0,0.105446,0.23248
134,1.985119,1.0,0.30061,0.634442
135,1.312567,1.0,0.281235,0.362277
136,1.912626,1.0,0.005943,0.365719
137,1.213162,1.0,0.533886,0.162016
138,1.102379,1.0,0.597433,0.293152
139,1.587182,1.0,0.63205,0.026197
140,1.129297,1.0,0.887593,0.016119
141,1.821434,1.0,0.126958,0.777162
142,1.513155,1.0,0.045895,0.710999
143,1.851959,1.0,0.971046,0.871683
144,1.762016,1.0,0.710162,0.95851
145,2.169156,1.0,0.429813,0.872879
146,1.33123,1.0,0.355958,0.929764
147,1.51225,1.0,0.148778,0.940029
148,1.884023,1.0,0.832716,0.846055
149,1.688046,1.0,0.123923,0.596487
150,1.819374,1.0,0.016392,0.721184
151,1.261824,1.0,0.007738,0.084822
152,1.813241,1.0,0.225498,0.875125
153,1.526715,1.0,0.363576,0.53996
154,1.549537,1.0,0.568103,0.225463
155,1.679887,1.0,0.572147,0.660952
156,1.859176,1.0,0.298245,0.418627
157,2.022732,1.0,0.453089,0.932351
158,1.601897,1.0,0.587494,0.948252
159,1.273747,1.0,0.556035,0.500561
160,1.565472,1.0,0.003532,0.480889
161,1.625396,1.0,0.927455,0.198366
162,1.586576,1.0,0.052091,0.406779
163,1.997845,1.0,0.372396,0.857153
164,1.529511,1.0,0.026611,0.920149
165,1.541227,1.0,0.680903,0.904226
166,1.431084,1.0,0.607529,0.811953
167,1.167224,1.0,0.335544,0.349566
168,1.206335,1.0,0.389874,0.754797
169,1.188413,1.0,0.369291,0.24222
170,1.778493,1.0,0.937668,0.908011
171,1.440412,1.0,0.348797,0.634638
172,1.839154,1.0,0.273842,0.206115
173,1.574228,1.0,0.33634,0.3271
174,1.77475,1.0,0.882276,0.822304
175,2.124224,1.0,0.709623,0.959345
176,1.551808,1.0,0.422543,0.245033
177,1.432707,1.0,0.117398,0.301053
178,1.283486,1.0,0.145264,0.092186
179,1.853315,1.0,0.602932,0.364187
180,1.52795,1.0,0.56457,0.191336
181,1.271803,1.0,0.676906,0.215505
182,1.445945,1.0,0.278024,0.74176
183,1.377445,1.0,0.559738,0.334836
184,1.837638,1.0,0.542989,0.693985
185,1.809007,1.0,0.912132,0.580713
186,1.929815,1.0,0.232686,0.746698
187,0.735952,1.0,0.777769,0.200401
188,1.287354,1.0,0.820574,0.464935
189,1.556533,1.0,0.779767,0.237478
190,1.821076,1.0,0.33258,0.953697
191,1.401639,1.0,0.657815,0.772878
192,1.61907,1.0,0.688374,0.204304
193,1.746729,1.0,0.470689,0.808964
194,1.169888,1.0,0.675035,0.006028
195,1.615981,1.0,0.087408,0.346795
196,1.454907,1.0,0.944366,0.49119
197,1.500406,1.0,0.270176,0.360424
198,1.672394,1.0,0.210653,0.4212
199,1.602374,1.0,0.218035,0.845753
200,1.083631,1.0,0.456271,0.279802
201,1.510783,1.0,0.932892,0.314351
202,0.886049,1.0,0.909715,0.043418
203,1.014052,1.0,0.707115,0.483889
204,0.980313,1.0,0.444221,0.036323
205,1.558697,1.0,0.040683,0.332754
206,1.120697,1.0,0.94712,0.61766
207,1.816634,1.0,0.368875,0.611977
208,1.329368,1.0,0.206132,0.165066
209,1.836618,1.0,0.361817,0.863353
210,1.06086,1.0,0.509402,0.296902
211,1.069442,1.0,0.950252,0.815966
212,2.230873,1.0,0.322974,0.972098
213,1.575241,1.0,0.987351,0.40866
214,1.772599,1.0,0.655923,0.405653
215,1.406083,1.0,0.257348,0.082653
216,1.074372,1.0,0.26361,0.27148
217,1.203311,1.0,0.398639,0.184886
218,1.455933,1.0,0.953818,0.10288
219,1.330749,1.0,0.625209,0.441697
220,1.301104,1.0,0.423518,0.371992
221,1.001578,1.0,0.868315,0.280477
222,1.998204,1.0,0.020576,0.918097
223,1.158488,1.0,0.86448,0.276902
224,1.16769,1.0,0.523488,0.109088
225,1.795063,1.0,0.093427,0.837466
226,1.39239,1.0,0.410266,0.661717
227,0.842788,1.0,0.943201,0.245131
228,1.207343,1.0,0.01316,0.024148
229,1.145928,1.0,0.709386,0.924552
230,1.899493,1.0,0.46733,0.375109
231,2.114532,1.0,0.54286,0.858917
232,0.893299,1.0,0.652154,0.23298
233,0.75383,1.0,0.77458,0.134613
234,1.639828,1.0,0.16556,0.612682
235,1.996942,1.0,0.238783,0.704779
236,1.789989,1.0,0.349519,0.277424
237,0.542239,1.0,0.998918,0.040616
238,0.979741,1.0,0.645823,0.0387
239,1.270246,1.0,0.76021,0.23009
240,1.414405,1.0,0.089832,0.64845
241,1.942737,1.0,0.732601,0.678095
242,1.372498,1.0,0.051901,0.294307
243,1.44938,1.0,0.451088,0.287103
244,0.769955,1.0,0.810513,0.131115
245,1.526924,1.0,0.612179,0.988215
246,0.782912,1.0,0.902557,0.222157
247,2.402105,1.0,8.2e-05,0.980597
248,1.968241,1.0,0.882713,0.919472
249,1.705876,1.0,0.415504,0.744615
250,1.439584,1.0,0.212831,0.392304
251,0.961524,1.0,0.851548,0.127612
252,1.724999,1.0,0.893865,0.496508
253,1.559114,1.0,0.426096,0.305646
254,1.20998,1.0,0.916849,0.517623
255,1.798361,1.0,0.804026,0.857652
256,1.225789,1.0,0.922382,0.303381
257,1.345604,1.0,0.339811,0.595074
258,1.48425,1.0,0.441324,0.932843
259,1.31531,1.0,0.397564,0.477778
260,0.909784,1.0,0.617186,0.404739
261,0.809,1.0,0.992478,0.098851
262,1.662357,1.0,0.220603,0.322655
263,1.821633,1.0,0.147723,0.284219
264,0.985254,1.0,0.779245,0.522892
265,2.44658,1.0,0.033954,0.982623
266,1.210216,1.0,0.616006,0.058939
267,0.920842,1.0,0.661169,0.378369
268,2.153972,1.0,0.135673,0.563665
269,1.243696,1.0,0.72708,0.671127
270,1.448389,1.0,0.247513,0.524866
271,1.548916,1.0,0.537663,0.716803
272,1.543305,1.0,0.359867,0.797733
273,0.882883,1.0,0.627922,0.038332
274,1.284845,1.0,0.546479,0.861912
275,1.313812,1.0,0.567574,0.175828
276,1.193815,1.0,0.510376,0.756946
277,2.063331,1.0,0.110105,0.817099
278,1.525184,1.0,0.167482,0.534076
279,1.924064,1.0,0.385743,0.248624
280,0.757833,1.0,0.647433,0.037392
281,0.932019,1.0,0.760046,0.526941
282,1.074283,1.0,0.875771,0.520718
283,1.405895,1.0,0.035033,0.143601
284,1.661432,1.0,0.795605,0.491976
285,1.767952,1.0,0.441879,0.318435
286,2.064254,1.0,0.284549,0.965886
287,2.051244,1.0,0.432969,0.884003
288,1.833475,1.0,0.648163,0.858428
289,1.924935,1.0,0.85245,0.956312
290,1.518241,1.0,0.697942,0.805397
291,1.212488,1.0,0.733128,0.605227
292,1.628656,1.0,0.717354,0.71575
293,1.60217,1.0,0.040908,0.516111
294,0.792799,1.0,0.792651,0.242962
295,1.840755,1.0,0.465148,0.434986
296,1.693622,1.0,0.402787,0.12184
297,1.456581,1.0,0.525712,0.446248
298,1.409026,1.0,0.663393,0.549413
299,1.121055,1.0,0.027543,0.031918
300,1.129008,1.0,0.70136,0.707581
301,1.756141,1.0,0.959939,0.876705
302,1.932933,1.0,0.46806,0.625907
303,0.888564,1.0,0.457182,0.222946
304,1.647505,1.0,0.376677,0.103884
305,1.298722,1.0,0.666527,0.19203
306,1.683336,1.0,0.475468,0.967437
307,1.535523,1.0,0.031669,0.15173
308,2.034664,1.0,0.298579,0.941807
309,0.62897,1.0,0.908842,0.162001
310,0.947507,1.0,0.981118,0.750748
311,2.037198,1.0,0.539977,0.931703
312,1.753006,1.0,0.880607,0.391316
313,1.237106,1.0,0.656343,0.647385
314,1.326328,1.0,0.326968,0.17939
315,1.600183,1.0,0.46681,0.263281
316,1.964323,1.0,0.355065,0.954144
317,1.89561,1.0,0.461138,0.684891
318,2.243937,1.0,0.33623,0.995861
319,1.032691,1.0,0.658768,0.196009
320,1.949574,1.0,0.098184,0.943181
321,0.978769,1.0,0.944778,0.621328
322,2.074583,1.0,0.016991,0.225535
323,1.794491,1.0,0.801277,0.87546
324,1.143116,1.0,0.45399,0.365521
325,1.661226,1.0,0.274225,0.116971
326,2.217263,1.0,0.115745,0.952603
327,0.814525,1.0,0.808626,0.164779
328,1.723481,1.0,0.20705,0.655552
329,1.845563,1.0,0.764664,0.810315
330,1.757566,1.0,0.163338,0.984128
331,1.231282,1.0,0.227802,0.589415
332,1.533954,1.0,0.587616,0.967362
333,1.745598,1.0,0.657667,0.584904
334,1.223342,1.0,0.518773,0.764658
335,1.258266,1.0,0.106055,0.002092
336,1.626668,1.0,0.952489,0.498658
337,1.181794,1.0,0.328335,0.368053
338,1.177915,1.0,0.803843,0.38237
339,1.389331,1.0,0.770169,0.440462
340,0.794003,1.0,0.844077,0.076204
341,1.693515,1.0,0.481128,0.46685
342,2.12095,1.0,0.264328,0.943615
343,1.403868,1.0,0.905028,0.443596
344,1.916619,1.0,0.09716,0.206783
345,1.237065,1.0,0.271492,0.48422
346,1.221174,1.0,0.338377,0.774136
347,1.464112,1.0,0.476027,0.870371
348,1.452063,1.0,0.995782,0.219836
349,1.244889,1.0,0.611671,0.847502
350,1.436267,1.0,0.945237,0.290086
351,1.573287,1.0,0.727043,0.015016
352,1.15317,1.0,0.879142,0.063939
353,2.013647,1.0,0.733395,0.99461
354,1.102177,1.0,0.50119,0.209334
355,1.737575,1.0,0.594644,0.62415
356,1.532402,1.0,0.668073,0.172612
357,1.348634,1.0,0.898713,0.620991
358,1.922989,1.0,0.043569,0.684041
359,1.004523,1.0,0.196084,0.027341
360,1.407517,1.0,0.550953,0.813314
361,0.698584,1.0,0.859941,0.103521
362,1.262957,1.0,0.663043,0.710075
363,2.230995,1.0,0.294517,0.971364
364,0.926493,1.0,0.278687,0.069982
365,1.584347,1.0,0.51928,0.694315
366,1.569627,1.0,0.24466,0.338582
367,1.447298,1.0,0.563628,0.886678
368,1.512756,1.0,0.747326,0.209592
369,1.725596,1.0,0.251777,0.523881
370,1.120147,1.0,0.768959,0.618762
371,1.519087,1.0,0.501324,0.597125
372,0.913878,1.0,0.75606,0.53708
373,1.042564,1.0,0.897753,0.947067
374,1.654468,1.0,0.915355,0.754518
375,1.241739,1.0,0.246321,0.385271
376,2.157312,1.0,0.28,0.65766
377,1.573295,1.0,0.324222,0.754392
378,2.029644,1.0,0.113509,0.775365
379,1.587219,1.0,0.585902,0.835389
380,1.506507,1.0,0.430876,0.624964
381,1.878565,1.0,0.554412,0.975671
382,1.520727,1.0,0.755474,0.544813
383,2.241904,1.0,0.174032,0.904114
384,1.306524,1.0,0.205838,0.650043
385,1.150109,1.0,0.936472,0.22358
386,1.920633,1.0,0.225924,0.851819
387,1.411875,1.0,0.827655,0.351703
388,1.556626,1.0,0.265096,0.127388
389,1.291547,1.0,0.987936,0.835343
390,0.838221,1.0,0.899392,0.513679
391,1.682594,1.0,0.114385,0.05258
392,1.338714,1.0,0.330582,0.92033
393,1.417505,1.0,0.947582,0.841164
394,1.849745,1.0,0.158679,0.419923
395,1.253065,1.0,0.246243,0.20535
396,0.928443,1.0,0.684826,0.486112
397,0.980373,1.0,0.32491,0.100214
398,1.040237,1.0,0.544763,0.347025
399,1.624805,1.0,0.391096,0.310509
400,1.737863,1.0,0.387195,0.55586
401,2.39515,1.0,0.014144,0.847647
402,1.138183,1.0,0.92192,0.55053
403,1.49248,1.0,0.268021,0.990239
404,1.327762,1.0,0.383194,0.693655
405,0.904342,1.0,0.689953,0.434309
406,2.207589,1.0,0.199158,0.966579
407,1.286885,1.0,0.063691,0.485149
408,1.930282,1.0,0.220731,0.293974
409,0.817806,1.0,0.828527,0.367266
410,1.869792,1.0,0.083348,0.196309
411,1.254083,1.0,0.860373,0.977029
412,1.226797,1.0,0.267982,0.675409
413,2.022679,1.0,0.081199,0.723466
414,1.253512,1.0,0.416437,0.91816
415,1.612635,1.0,0.311536,0.941467
416,0.979915,1.0,0.503247,0.348893
417,0.92273,1.0,0.64702,0.249746
418,1.108702,1.0,0.229764,0.196346
419,1.489697,1.0,0.9599,0.492914
420,1.833343,1.0,0.751615,0.473992
421,1.242886,1.0,0.58754,0.584139
422,1.24318,1.0,0.979886,0.668433
423,1.262104,1.0,0.239769,0.015198
424,1.375216,1.0,0.218682,0.45552
425,1.922157,1.0,0.39342,0.812326
426,0.923082,1.0,0.785557,0.089096
427,1.302138,1.0,0.952011,0.527457
428,1.034077,1.0,0.596404,0.405057
429,1.958876,1.0,0.649501,0.871326
430,1.835454,1.0,0.673936,0.970099
431,1.599058,1.0,0.701122,0.821721
432,1.927915,1.0,0.04504,0.672699
433,0.947866,1.0,0.654753,0.101746
434,1.729948,1.0,0.842387,0.614172
435,1.370479,1.0,0.098328,0.594467
436,1.758591,1.0,0.478416,0.233294
437,1.786046,1.0,0.019756,0.365567
438,1.795085,1.0,0.619851,0.329279
439,1.510096,1.0,0.307255,0.751121
440,1.915452,1.0,0.758625,0.718766
441,1.845799,1.0,0.101182,0.516166
442,1.103491,1.0,0.557799,0.744805
443,0.835822,1.0,0.903178,0.369039
444,1.74492,1.0,0.428663,0.732767
445,1.042697,1.0,0.662636,0.55787
446,1.670483,1.0,0.35014,0.195352
447,1.620859,1.0,0.183807,0.081583
448,1.56964,1.0,0.081201,0.845798
449,1.475459,1.0,0.383673,0.06074
450,1.230142,1.0,0.896426,0.22327
451,1.209521,1.0,0.268124,0.194498
452,1.280083,1.0,0.967501,0.11254
453,1.35627,1.0,0.722163,0.932089
454,1.96009,1.0,0.668001,0.858727
455,1.611983,1.0,0.242447,0.673928
456,1.374001,1.0,0.700871,0.458333
457,1.573247,1.0,0.870546,0.694386
458,1.812129,1.0,0.894878,0.753204
459,1.445366,1.0,0.52029,0.498688
460,1.43886,1.0,0.453728,0.021647
461,1.540765,1.0,0.535141,0.422973
462,1.05292,1.0,0.157534,0.11907
463,1.428171,1.0,0.449352,0.039913
464,0.742138,1.0,0.98658,0.378121
465,1.34012,1.0,0.382109,0.051126
466,0.901064,1.0,0.426672,0.015745
467,1.763181,1.0,0.030094,0.339099
468,1.53991,1.0,0.820969,0.458821
469,1.85997,1.0,0.014841,0.16322
470,1.589197,1.0,0.739923,0.738294
471,1.787871,1.0,0.754523,0.351669
472,1.584798,1.0,0.352277,0.802076
473,1.175858,1.0,0.398138,0.727191
474,1.710031,1.0,0.581123,0.364342
475,1.470392,1.0,0.080007,0.116125
476,1.323974,1.0,0.889559,0.452341
477,1.53195,1.0,0.994005,0.363897
478,1.312282,1.0,0.249954,0.350539
479,1.473883,1.0,0.343086,0.637357
480,1.471976,1.0,0.012738,0.763269
481,1.689704,1.0,0.416415,0.432239
482,1.197044,1.0,0.481115,0.449212
483,1.777454,1.0,0.497471,0.345904
484,1.585925,1.0,0.453346,0.404651
485,1.963879,1.0,0.518243,0.623269
486,1.194693,1.0,0.241041,0.508437
487,1.702872,1.0,0.594622,0.016948
488,1.257193,1.0,0.520494,0.239293
489,1.756659,1.0,0.404539,0.82653
490,1.722225,1.0,0.326236,0.483217
491,1.627283,1.0,0.024741,0.308751
492,1.365609,1.0,0.639721,0.315162
493,1.459585,1.0,0.205798,0.290656
494,0.753095,1.0,0.954378,0.086802
495,1.766957,1.0,0.463358,0.058387
496,1.604785,1.0,0.538658,0.146036
497,1.413048,1.0,0.634085,0.264397
498,0.884697,1.0,0.690915,0.347146
499,2.040087,1.0,0.004168,0.294895
500,1.283978,1.0,0.081894,0.49504
501,1.957733,1.0,0.28889,0.639992
502,0.826886,1.0,0.499936,0.036045
503,1.84648,1.0,0.318634,0.489059
504,1.61091,1.0,0.572204,0.104871
505,1.296613,1.0,0.649971,0.343698
506,1.865791,1.0,0.182921,0.805327
507,2.268155,1.0,0.068623,0.92977
508,1.85535,1.0,0.706266,0.475591
509,1.20725,1.0,0.011161,0.390125
510,1.236345,1.0,0.645798,0.858913
511,1.754117,1.0,0.617764,0.397707
512,1.891516,1.0,0.447359,0.873295
513,1.129264,1.0,0.351357,0.065158
514,1.72302,1.0,0.442673,0.998459
515,1.017814,1.0,0.379773,0.193055
516,1.0916,1.0,0.04513,0.170969
517,1.857092,1.0,0.324064,0.574278
518,1.412687,1.0,0.665588,0.042819
519,1.344017,1.0,0.93618,0.235638
520,2.075334,1.0,0.149062,0.530829
521,1.101474,1.0,0.677586,0.307253
522,1.236044,1.0,0.669441,0.294294
523,1.239839,1.0,0.902172,0.880695
524,1.664912,1.0,0.071194,0.150403
525,1.288048,1.0,0.698059,0.00012
526,1.174991,1.0,0.821814,0.35624
527,1.58494,1.0,0.74462,0.044237
528,1.41932,1.0,0.209264,0.070805
529,2.019945,1.0,0.179824,0.384421
530,1.942726,1.0,0.491552,0.916091
531,1.978306,1.0,0.627174,0.70648
532,1.860039,1.0,0.082111,0.286787
533,1.009038,1.0,0.991732,0.560422
534,1.311997,1.0,0.787817,0.032482
535,1.251018,1.0,0.084076,0.109233
536,1.743959,1.0,0.015286,0.921979
537,1.592912,1.0,0.253635,0.996569
538,1.252615,1.0,0.73813,0.250611
539,1.372381,1.0,0.991805,0.868534
540,1.917298,1.0,0.164998,0.185322
541,1.292177,1.0,0.680186,0.07828
542,1.100812,1.0,0.584525,0.066603
543,1.986923,1.0,0.221298,0.94844
544,1.379104,1.0,0.498572,0.573713
545,1.921506,1.0,0.269683,0.440062
546,1.280891,1.0,0.133002,0.516616
547,1.21586,1.0,0.053956,0.048249
548,0.781717,1.0,0.679648,0.054982
549,1.739527,1.0,0.521284,0.266026
550,1.464879,1.0,0.187694,0.573319
551,2.074689,1.0,0.296463,0.456382
552,1.14566,1.0,0.138974,0.126486
553,1.306684,1.0,0.106529,0.07156
554,1.994472,1.0,0.553714,0.756005
555,1.718132,1.0,0.792367,0.957845
556,1.478421,1.0,0.168392,0.135619
557,1.359349,1.0,0.469955,0.861008
558,1.686477,1.0,0.767069,0.558178
559,1.450262,1.0,0.156783,0.391263
560,1.580141,1.0,0.719346,0.373413
561,1.855188,1.0,0.039119,0.583884
562,1.613989,1.0,0.720135,0.714771
563,1.410843,1.0,0.164866,0.335992
564,1.080702,1.0,0.409172,0.420481
565,1.731009,1.0,0.114158,0.385532
566,1.845462,1.0,0.506632,0.710561
567,1.493806,1.0,0.569448,0.404931
568,1.436402,1.0,0.927597,0.598084
569,1.643712,1.0,0.974791,0.867376
570,1.157642,1.0,0.673626,0.899313
571,0.838506,1.0,0.99124,0.220877
572,1.727726,1.0,0.691057,0.918779
573,1.526664,1.0,0.0174,0.799489
574,1.683863,1.0,0.089403,0.916554
575,0.820041,1.0,0.612013,0.162069
576,1.60949,1.0,0.03941,0.827821
577,1.411624,1.0,0.139492,0.939541
578,2.191863,1.0,0.090865,0.837978
579,1.812358,1.0,0.423533,0.872735
580,1.588846,1.0,0.768574,0.852882
581,1.12738,1.0,0.470242,0.713768
582,1.714377,1.0,0.318668,0.047173
583,0.884549,1.0,0.2324,0.001362
584,1.852719,1.0,0.363028,0.493829
585,1.213113,1.0,0.019407,0.00773
586,1.527189,1.0,0.686464,0.100436
587,1.34,1.0,0.073846,0.495598
588,1.676843,1.0,0.718159,0.977165
589,0.940513,1.0,0.295397,0.117518
590,1.624138,1.0,0.068537,0.207511
591,1.08467,1.0,0.100055,0.003384
592,1.745671,1.0,0.285074,0.164207
593,1.404437,1.0,0.01825,0.354632
594,0.85481,1.0,0.825916,0.303662
595,1.039733,1.0,0.7101,0.728735
596,2.042259,1.0,0.025556,0.961785
597,1.951198,1.0,0.139009,0.717465
598,2.139221,1.0,0.379443,0.868223
599,0.660953,1.0,0.994961,0.193323
600,1.234938,1.0,0.819456,0.505503
601,1.009426,1.0,0.965431,0.658089
602,1.320348,1.0,0.593238,0.229523
603,1.023169,1.0,0.7187,0.288201
604,1.47679,1.0,0.845759,0.977264
605,1.842038,1.0,0.007793,0.954633
606,1.754931,1.0,0.35846,0.488316
607,1.667845,1.0,0.924086,0.775958
608,1.351477,1.0,0.243222,0.096853
609,1.196925,1.0,0.841226,0.74706
610,1.557507,1.0,0.858339,0.384041
611,1.834405,1.0,0.492114,0.465019
612,1.550492,1.0,0.314722,0.335672
613,1.26678,1.0,0.718649,0.753071
614,1.77442,1.0,0.863854,0.844902
615,1.145454,1.0,0.753938,0.332778
616,2.049984,1.0,0.710046,0.972624
617,1.294345,1.0,0.91624,0.971488
618,2.227956,1.0,0.036208,0.611599
619,1.443522,1.0,0.215343,0.24656
620,1.70634,1.0,0.844061,0.750192
621,1.30445,1.0,0.328802,0.519915
622,1.53255,1.0,0.18833,0.003827
623,1.487041,1.0,0.899958,0.709642
624,1.182946,1.0,0.528818,0.054099
625,1.715031,1.0,0.42084,0.380042
626,1.810299,1.0,0.171547,0.156188
627,1.9391,1.0,0.173178,0.596836
628,1.870021,1.0,0.124704,0.238549
629,1.38178,1.0,0.946272,0.219462
630,1.066741,1.0,0.763857,0.59804
631,1.863467,1.0,0.413157,0.595286
632,1.365971,1.0,0.13362,0.484188
633,0.827016,1.0,0.972134,0.427721
634,2.243959,1.0,0.242881,0.927507
635,1.656778,1.0,0.610774,0.727857
636,0.910385,1.0,0.543405,0.011202
637,1.74771,1.0,0.7557,0.978697
638,1.379133,1.0,0.716188,0.808757
639,1.215351,1.0,0.851587,0.999201
640,1.879871,1.0,0.288613,0.449384
641,0.914801,1.0,0.542826,0.152456
642,1.860456,1.0,0.480976,0.276981
643,1.527,1.0,0.836932,0.347064
644,1.676427,1.0,0.081685,0.010085
645,1.2383,1.0,0.860543,0.858846
646,1.328819,1.0,0.934089,0.072546
647,1.039267,1.0,0.394759,0.428194
648,1.254137,1.0,0.860884,0.26142
649,1.525997,1.0,0.302204,0.732727
650,2.059952,1.0,0.180052,0.635375
651,1.480443,1.0,0.742209,0.180453
652,1.726771,1.0,0.221945,0.699809
653,1.551781,1.0,0.794504,0.953355
654,1.193148,1.0,0.30865,0.548634
655,1.379711,1.0,0.146813,0.436895
656,1.751087,1.0,0.261121,0.3488
657,1.06557,1.0,0.803366,0.80323
658,1.496821,1.0,0.704506,0.123639
659,2.307192,1.0,0.284025,0.939296
660,1.163745,1.0,0.452526,0.621845
661,1.707755,1.0,0.018309,0.51802
662,1.263892,1.0,0.689143,0.058882
663,1.939446,1.0,0.115285,0.368369
664,0.802247,1.0,0.944459,0.248798
665,1.753966,1.0,0.021603,0.809278
666,1.679316,1.0,0.849248,0.536696
667,1.16118,1.0,0.893047,0.179034
668,1.036367,1.0,0.274669,0.02045
669,2.021395,1.0,0.583432,0.887389
670,1.673067,1.0,0.606401,0.080286
671,1.731023,1.0,0.693224,0.675941
672,2.304784,1.0,0.166744,0.828984
673,1.666182,1.0,0.91239,0.391699
674,1.254358,1.0,0.308764,0.574674
675,1.285476,1.0,0.972517,0.724963
676,1.586149,1.0,0.790063,0.768583
677,1.661985,1.0,0.956994,0.816192
678,1.516557,1.0,0.268314,0.231301
679,1.63462,1.0,0.242091,0.212935
680,1.479925,1.0,0.208263,0.934502
681,0.975391,1.0,0.951662,0.089854
682,1.403335,1.0,0.064074,0.85703
683,1.475762,1.0,0.563742,0.211566
684,0.97044,1.0,0.461817,0.073746
685,0.982833,1.0,0.982217,0.139951
686,1.574462,1.0,0.806553,0.95818
687,1.355149,1.0,0.711011,0.088551
688,1.532856,1.0,0.589985,0.129216
689,1.61804,1.0,0.86695,0.672826
690,1.169735,1.0,0.942056,0.145886
691,1.573711,1.0,0.453684,0.543563
692,2.141184,1.0,0.108338,0.676906
693,1.757584,1.0,0.566436,0.348042
694,1.253535,1.0,0.412917,0.796229
695,1.578255,1.0,0.356413,0.972633
696,1.501606,1.0,0.918185,0.078086
697,1.503333,1.0,0.852417,0.673779
698,1.584684,1.0,0.055319,0.955366
699,1.07073,1.0,0.833487,0.832684
700,1.097151,1.0,0.915645,0.921084
701,2.128982,1.0,0.21908,0.937363
702,1.638738,1.0,0.04793,0.881432
703,1.430186,1.0,0.456713,0.831168
704,1.371508,1.0,0.273041,0.754863
705,1.237775,1.0,0.8047,0.080937
706,1.465296,1.0,0.914414,0.817251
707,1.337775,1.0,0.595462,0.707929
708,1.720495,1.0,0.34582,0.47056
709,1.954056,1.0,0.147363,0.499907
710,1.867382,1.0,0.782821,0.558396
711,1.826746,1.0,0.133484,0.829552
712,1.062669,1.0,0.737987,0.037355
713,1.322357,1.0,0.804882,0.865244
714,1.717708,1.0,0.51238,0.378594
715,2.344611,1.0,0.083479,0.828276
716,1.770339,1.0,0.003659,0.343487
717,1.934455,1.0,0.327735,0.912012
718,1.908819,1.0,0.449291,0.888658
719,1.801676,1.0,0.089295,0.846079
720,1.183118,1.0,0.612378,0.537919
721,1.348327,1.0,0.305956,0.490369
722,1.708381,1.0,0.273454,0.455818
723,1.565985,1.0,0.768817,0.62549
724,1.567753,1.0,0.680534,0.892217
725,1.116342,1.0,0.052939,0.198943
726,1.719255,1.0,0.724194,0.408236
727,1.36809,1.0,0.650213,0.897765
728,1.679589,1.0,0.736003,0.933117
729,2.041014,1.0,0.151942,0.756629
730,0.836802,1.0,0.702627,0.007553
731,1.46869,1.0,0.042975,0.03377
732,1.125784,1.0,0.527617,0.77651
733,0.846379,1.0,0.405358,0.00323
734,1.637295,1.0,0.174895,0.948505
735,1.963084,1.0,0.244662,0.853386
736,1.96213,1.0,0.370388,0.521297
737,1.246861,1.0,0.489733,0.134481
738,1.341779,1.0,0.366163,0.999644
739,1.243275,1.0,0.564127,0.465235
740,1.813934,1.0,0.549143,0.263009
741,1.192196,1.0,0.566366,0.72832
742,1.842091,1.0,0.105684,0.27845
743,2.015306,1.0,0.208922,0.744879
744,1.334434,1.0,0.935667,0.424687
745,1.629872,1.0,0.633246,0.031212
746,1.768632,1.0,0.131488,0.384451
747,1.954474,1.0,0.664392,0.640329
748,1.796502,1.0,0.192156,0.132896
749,1.502689,1.0,0.938072,0.35536
750,1.768515,1.0,0.460432,0.09536
751,1.495934,1.0,0.910235,0.668018
752,1.282997,1.0,0.509971,0.431266
753,1.185076,1.0,0.051466,0.214294
754,1.577327,1.0,0.856079,0.622204
755,1.520943,1.0,0.193875,0.189203
756,1.518033,1.0,0.350126,0.615297
757,1.942056,1.0,0.542415,0.527035
758,1.908588,1.0,0.868931,0.861251
759,1.306575,1.0,0.845199,0.702452
760,1.883935,1.0,0.39245,0.269344
761,0.976817,1.0,0.955693,0.045285
762,1.32001,1.0,0.618383,0.846124
763,1.974067,1.0,0.271913,0.978746
764,0.75095,1.0,0.885924,0.199328
765,1.466162,1.0,0.270309,0.897303
766,1.853886,1.0,0.109252,0.188477
767,1.588339,1.0,0.608549,0.147014
768,1.242114,1.0,0.572545,0.575545
769,1.574036,1.0,0.596354,0.250701
770,2.048252,1.0,0.821081,0.970444
771,2.251645,1.0,0.277886,0.865493
772,1.47246,1.0,0.293052,0.348927
773,1.539849,1.0,0.785443,0.13733
774,1.719516,1.0,0.061808,0.386633
775,1.539723,1.0,0.129683,0.079553
776,1.036894,1.0,0.588728,0.183975
777,1.598306,1.0,0.300901,0.729089
778,1.665359,1.0,0.092996,0.993968
779,1.860888,1.0,0.308757,0.545629
780,1.36317,1.0,0.791849,0.237006
781,1.737028,1.0,0.341164,0.206269
782,1.798058,1.0,0.378578,0.734937
783,1.01098,1.0,0.714427,0.182019
784,2.058168,1.0,0.476924,0.688207
785,1.599654,1.0,0.73815,0.636037
786,1.812965,1.0,0.194823,0.868079
787,1.818311,1.0,0.288448,0.369922
788,1.405067,1.0,0.558498,0.859379
789,1.836851,1.0,0.64965,0.701688
790,1.406391,1.0,0.216368,0.352562
791,1.374661,1.0,0.136893,0.736903
792,1.675934,1.0,0.948758,0.734868
793,1.475302,1.0,0.124679,0.693365
794,1.473745,1.0,0.433225,0.092114
795,1.132112,1.0,0.999474,0.724125
796,1.810779,1.0,0.622438,0.873098
797,1.29685,1.0,0.325341,0.666845
798,1.451743,1.0,0.46828,0.12395
799,1.237439,1.0,0.54107,0.631909
800,1.32937,1.0,0.47325,0.125272
801,2.167478,1.0,0.075283,0.664838
802,1.518515,1.0,0.837908,0.924094
803,2.047131,1.0,0.388186,0.938316
804,0.948568,1.0,0.819803,0.424042
805,1.620732,1.0,0.40632,0.333479
806,1.122285,1.0,0.069117,0.009726
807,1.773125,1.0,0.245499,0.254617
808,1.427916,1.0,0.729661,0.157371
809,1.421363,1.0,0.692422,0.730335
810,1.299008,1.0,0.459717,0.117654
811,1.265484,1.0,0.71951,0.913647
812,1.831801,1.0,0.366179,0.75874
813,1.568748,1.0,0.741919,0.054042
814,1.870882,1.0,0.055708,0.676618
815,1.359984,1.0,0.830908,0.920562
816,1.63031,1.0,0.141663,0.58339
817,1.188602,1.0,0.282053,0.222701
818,1.279162,1.0,0.738389,0.413192
819,1.698483,1.0,0.437692,0.844401
820,2.085574,1.0,0.238685,0.528342
821,1.081993,1.0,0.82771,0.131889
822,1.982757,1.0,0.596183,0.83719
823,1.226835,1.0,0.764466,0.884482
824,1.874616,1.0,0.032564,0.691456
825,1.76732,1.0,0.203937,0.557019
826,1.416426,1.0,0.774779,0.420191
827,1.570255,1.0,0.704204,0.840411
828,1.566834,1.0,0.945719,0.545093
829,1.209828,1.0,0.3161,0.390026
830,0.755464,1.0,0.865597,0.240317
831,0.730006,1.0,0.883264,0.057836
832,1.137122,1.0,0.971325,0.119107
833,1.078414,1.0,0.883389,0.540772
834,1.948201,1.0,0.561328,0.980656
835,0.986479,1.0,0.951362,0.798608
836,1.922053,1.0,0.651583,0.677701
837,2.11868,1.0,0.133469,0.467405
838,1.622023,1.0,0.429166,0.101909
839,1.880423,1.0,0.011328,0.016268
840,1.233338,1.0,0.737467,0.447456
841,1.041086,1.0,0.490575,0.253557
842,0.993133,1.0,0.540838,0.127207
843,1.82832,1.0,0.16355,0.817644
844,2.105678,1.0,0.027429,0.916014
845,1.865775,1.0,0.338188,0.932158
846,1.22944,1.0,0.063699,0.3127
847,1.899559,1.0,0.593169,0.937805
848,2.14859,1.0,0.090004,0.809193
849,1.043017,1.0,0.613024,0.640008
850,1.123285,1.0,0.992309,0.321083
851,1.525625,1.0,0.360188,0.535854
852,0.910551,1.0,0.625084,0.311746
853,0.86467,1.0,0.706324,0.082125
854,1.724215,1.0,0.194805,0.013252
855,1.68378,1.0,0.74962,0.947898
856,0.920984,1.0,0.768711,0.172871
857,1.652063,1.0,0.283858,0.671178
858,1.903305,1.0,0.309447,0.406818
859,1.241503,1.0,0.255804,0.534227
860,1.640591,1.0,0.869476,0.239693
861,1.209163,1.0,0.529537,0.665004
862,1.413945,1.0,0.006576,0.252973
863,1.310448,1.0,0.567267,0.8252
864,1.805,1.0,0.227961,0.898848
865,1.095317,1.0,0.824565,0.394075
866,2.006395,1.0,0.813475,0.849249
867,0.932149,1.0,0.28166,0.115151
868,1.711452,1.0,0.100919,0.88075
869,1.683221,1.0,0.494402,0.671453
870,1.53512,1.0,0.390058,0.780252
871,1.489934,1.0,0.824213,0.892536
872,1.550395,1.0,0.64177,0.89212
873,0.788627,1.0,0.866853,0.271644
874,1.485856,1.0,0.588548,0.262159
875,1.963675,1.0,0.637819,0.897148
876,1.698538,1.0,0.48314,0.82456
877,1.574604,1.0,0.017105,0.867143
878,1.165876,1.0,0.944203,0.313406
879,1.06892,1.0,0.709646,0.819231
880,2.05257,1.0,0.124268,0.414446
881,1.510583,1.0,0.206583,0.746559
882,1.699471,1.0,0.405915,0.000136
883,1.554441,1.0,0.262634,0.203302
884,2.211358,1.0,0.074768,0.530817
885,1.790316,1.0,0.336945,0.218931
886,0.704645,1.0,0.936666,0.323778
887,1.212856,1.0,0.127703,0.523178
888,1.68625,1.0,0.892336,0.777958
889,1.592191,1.0,0.148189,0.298981
890,2.100599,1.0,0.237169,0.927636
891,1.534739,1.0,0.279287,0.169382
892,1.310613,1.0,0.455117,0.611781
893,1.719605,1.0,0.158512,0.024511
894,1.309127,1.0,0.094765,0.650948
895,1.854211,1.0,0.163448,0.258843
896,1.762907,1.0,0.675719,0.871362
897,1.38873,1.0,0.952672,0.383583
898,1.300241,1.0,0.226371,0.739132
899,1.340773,1.0,0.712424,0.974423
900,1.879065,1.0,0.097888,0.878144
901,1.727903,1.0,0.17566,0.747335
902,0.644642,1.0,0.995425,0.231778
903,1.35182,1.0,0.74218,0.774158
904,2.287598,1.0,0.280959,0.92123
905,1.386172,1.0,0.069664,0.22888
906,1.530521,1.0,0.294579,0.090053
907,1.952648,1.0,0.245252,0.787163
908,1.743355,1.0,0.267234,0.506616
909,1.517863,1.0,0.135354,0.591687
910,1.375384,1.0,0.61087,0.218261
911,2.017661,1.0,0.074651,0.701785
912,1.307728,1.0,0.633436,0.48225
913,1.321227,1.0,0.895423,0.977269
914,1.389935,1.0,0.732394,0.962273
915,1.924301,1.0,0.147145,0.159546
916,1.333212,1.0,0.999067,0.376538
917,1.94507,1.0,0.55946,0.944732
918,1.700857,1.0,0.603975,0.870042
919,1.704749,1.0,0.707296,0.855877
920,1.516061,1.0,0.470297,0.94938
921,2.23404,1.0,0.125261,0.807671
922,1.692956,1.0,0.235292,0.618814
923,1.767721,1.0,0.776262,0.701001
924,1.763387,1.0,0.439606,0.930348
925,1.395409,1.0,0.161829,0.720008
926,1.329214,1.0,0.25318,0.687964
927,1.392692,1.0,0.190621,0.047781
928,1.446219,1.0,0.784792,0.817446
929,2.235631,1.0,0.16243,0.8071
930,1.253282,1.0,0.328042,0.571147
931,1.842432,1.0,0.601882,0.913632
932,2.067503,1.0,0.570231,0.868957
933,1.526903,1.0,0.42152,0.653172
934,2.145354,1.0,0.191466,0.712214
935,0.894023,1.0,0.927755,0.427176
936,1.053851,1.0,0.64729,0.544298
937,1.680009,1.0,0.014501,0.907783
938,1.324292,1.0,0.80929,0.415485
939,1.776727,1.0,0.090968,0.351595
940,1.630517,1.0,0.525642,0.244173
941,1.498037,1.0,0.832505,0.295477
942,1.095847,1.0,0.204933,0.172864
943,1.784183,1.0,0.72627,0.546623
944,0.90952,1.0,0.695974,0.290345
945,2.145613,1.0,0.400003,0.895607
946,2.2439,1.0,0.330402,0.902949
947,1.110724,1.0,0.966285,0.019534
948,1.757809,1.0,0.49423,0.622056
949,1.538558,1.0,0.012501,0.350164
950,1.844879,1.0,0.028044,0.616491
951,1.731947,1.0,0.463158,0.262915
952,1.042161,1.0,0.77759,0.542914
953,1.803184,1.0,0.332427,0.935303
954,1.012502,1.0,0.975834,0.182401
955,1.670992,1.0,0.978392,0.587604
956,0.839061,1.0,0.875358,0.291498
957,1.874744,1.0,0.046608,0.012585
958,1.03708,1.0,0.430931,0.004549
959,1.754942,1.0,0.445481,0.74397
960,1.411709,1.0,0.668334,0.731955
961,2.112448,1.0,0.594581,0.95399
962,1.52939,1.0,0.240103,0.903827
963,1.01345,1.0,0.981729,0.003548
964,1.350756,1.0,0.431138,0.676072
965,1.988581,1.0,0.614536,0.989244
966,1.249593,1.0,0.660368,0.617446
967,1.94138,1.0,0.926329,0.902114
968,1.710993,1.0,0.834186,0.407375
969,1.604441,1.0,0.697498,0.956
970,1.136979,1.0,0.239886,0.487981
971,1.885515,1.0,0.757571,0.597765
972,1.426095,1.0,0.783748,0.26401
973,1.662173,1.0,0.130825,0.471213
974,1.570451,1.0,0.664815,0.597546
975,0.851979,1.0,0.610675,0.092662
976,1.013111,1.0,0.491319,0.202465
977,1.562783,1.0,0.710678,0.558419
978,1.046356,1.0,0.600778,0.595567
979,1.590879,1.0,0.306213,0.083369
980,1.862105,1.0,0.413089,0.297741
981,1.53567,1.0,0.569707,0.223138
982,1.611361,1.0,0.223702,0.325156
983,1.908547,1.0,0.173324,0.402011
984,1.762459,1.0,0.824017,0.852004
985,1.701902,1.0,0.108247,0.33073
986,1.003891,1.0,0.613212,0.226949
987,0.90141,1.0,0.919477,0.706633
988,1.400502,1.0,0.22029,0.106683
989,1.29814,1.0,0.073776,0.187974
990,1.404749,1.0,0.395548,0.750789
991,1.454428,1.0,0.140999,0.036462
992,1.097232,1.0,0.891701,0.335376
993,1.601429,1.0,0.330362,0.525107
994,1.206976,1.0,0.41983,0.29523
995,1.648412,1.0,0.715579,0.792169
996,1.593862,1.0,0.82628,0.77003
997,0.96021,1.0,0.690428,0.193012
998,1.339003,1.0,0.73165,0.274711
999,1.133238,1.0,0.721818,0.097863
